geno,das,biomass
g001,0,0
g001,1,0
g001,2,0
g001,3,0
g001,4,0
g001,5,0
g001,6,4.6
g001,7,6.4
g001,8,8.7
g001,9,11.4
g001,10,14.5
g001,11,18.8
g001,12,23.4
g001,13,27.4
g001,14,31.9
g001,15,36.6
g001,16,42.8
g001,17,47.6
g001,18,54.7
g001,19,61.9
g001,20,65.6
g001,21,74.8
g001,22,88.6
g001,23,103.6
g001,24,123
g001,25,145.6
g001,26,171.8
g001,27,198.5
g001,28,228.8
g001,29,265.3
g001,30,306.6
g001,31,350.5
g001,32,366.8
g001,33,417.8
g001,34,478.1
g001,35,545.4
g001,36,624.3
g001,37,711.6
g001,38,807.5
g001,39,912.3
g001,40,1019.1
g001,41,1133.6
g001,42,1255.3
g001,43,1384.2
g001,44,1519.7
g001,45,1641
g001,46,1732.9
g001,47,1845.4
g001,48,1968.4
g001,49,2065.1
g001,50,2146.6
g001,51,2248.9
g001,52,2327.2
g001,53,2415.2
g001,54,2442.9
g001,55,2472.4
g001,56,2511.8
g001,57,2545.4
g001,58,2670.3
g001,59,2833.5
g001,60,2986.8
g001,61,3139.1
g001,62,3273.7
g001,63,3424.2
g001,64,3500.9
g001,65,3630.4
g001,66,3758.9
g001,67,3799.2
g001,68,3859.8
g001,69,3982.8
g001,70,4087.4
g001,71,4177
g001,72,4259.8
g001,73,4345.2
g001,74,4412.5
g001,75,4481.9
g001,76,4545.2
g001,77,4600.5
g001,78,4649.8
g001,79,4695.2
g001,80,4759.9
g001,81,4822.9
g001,82,4868.9
g001,83,4908.6
g001,84,4943.2
g001,85,4973.8
g001,86,5000.9
g001,87,5025.6
g001,88,5051
g001,89,5074.3
g001,90,5095.4
g001,91,5115.2
g001,92,5133.5
g001,93,5150.1
g001,94,5171
g001,95,5189.5
g001,96,5204.7
g001,97,5218.1
g001,98,5231.8
g001,99,5243.9
g001,100,5253.3
g001,101,5258.8
g001,102,5262.7
g001,103,5265.7
g001,104,5266.8
g001,105,5268.5
g001,106,5269.5
g001,107,5271.5
g001,108,5272.9
g001,109,5273.9
g001,110,5275
g001,111,5279.8
g001,112,5285.1
g001,113,5290.4
g001,114,5294.3
g001,115,5295
g001,116,5295
g001,117,5295
g002,0,0
g002,1,0
g002,2,0
g002,3,0
g002,4,0
g002,5,0
g002,6,4.6
g002,7,6.3
g002,8,8.6
g002,9,11.3
g002,10,14.4
g002,11,18.7
g002,12,23.2
g002,13,27.2
g002,14,31.6
g002,15,36.2
g002,16,42.3
g002,17,47
g002,18,53.9
g002,19,61
g002,20,64.6
g002,21,73.7
g002,22,87.1
g002,23,101.8
g002,24,120.7
g002,25,142.7
g002,26,168.2
g002,27,194.2
g002,28,223.6
g002,29,259.1
g002,30,299.2
g002,31,341.9
g002,32,357.7
g002,33,407.2
g002,34,465.9
g002,35,531.4
g002,36,608.3
g002,37,693.3
g002,38,787
g002,39,889.4
g002,40,994.2
g002,41,1106.5
g002,42,1226.2
g002,43,1353.1
g002,44,1486.8
g002,45,1611.4
g002,46,1705.6
g002,47,1820.8
g002,48,1946.5
g002,49,2045
g002,50,2127.9
g002,51,2231.7
g002,52,2312.1
g002,53,2401.7
g002,54,2430
g002,55,2460
g002,56,2500.1
g002,57,2534.3
g002,58,2661.6
g002,59,2827.7
g002,60,2983.5
g002,61,3139.4
g002,62,3277.1
g002,63,3429.8
g002,64,3507.7
g002,65,3639.2
g002,66,3770.9
g002,67,3811.3
g002,68,3871.9
g002,69,3998
g002,70,4105.4
g002,71,4197.2
g002,72,4282.2
g002,73,4369.9
g002,74,4439.6
g002,75,4511.1
g002,76,4576.8
g002,77,4634.2
g002,78,4685.4
g002,79,4732.7
g002,80,4799.4
g002,81,4864.4
g002,82,4911.9
g002,83,4953.4
g002,84,4989.2
g002,85,5021.2
g002,86,5049.6
g002,87,5075.5
g002,88,5101.8
g002,89,5125.9
g002,90,5148
g002,91,5168.7
g002,92,5187.8
g002,93,5205.2
g002,94,5226.7
g002,95,5245.9
g002,96,5261.6
g002,97,5275.4
g002,98,5289.6
g002,99,5302
g002,100,5311.8
g002,101,5318.6
g002,102,5323.5
g002,103,5325.9
g002,104,5327
g002,105,5328.4
g002,106,5329.4
g002,107,5331.3
g002,108,5332.7
g002,109,5333.6
g002,110,5334.7
g002,111,5339.5
g002,112,5344.7
g002,113,5350
g002,114,5353.9
g002,115,5354.1
g002,116,5354.1
g002,117,5354.1
g003,0,0
g003,1,0
g003,2,0
g003,3,0
g003,4,0
g003,5,0
g003,6,4.6
g003,7,6.3
g003,8,8.6
g003,9,11.2
g003,10,14.3
g003,11,18.6
g003,12,23.1
g003,13,27.1
g003,14,31.6
g003,15,36.2
g003,16,42.3
g003,17,47.1
g003,18,54.1
g003,19,61.4
g003,20,65
g003,21,74.3
g003,22,88
g003,23,103
g003,24,122.6
g003,25,145.3
g003,26,171.7
g003,27,198.8
g003,28,229.4
g003,29,266.4
g003,30,308.4
g003,31,353.1
g003,32,369.8
g003,33,421.7
g003,34,483.5
g003,35,552.4
g003,36,633.5
g003,37,723.4
g003,38,822.3
g003,39,930.7
g003,40,1041.3
g003,41,1159.8
g003,42,1286.1
g003,43,1420
g003,44,1546
g003,45,1656.4
g003,46,1740.1
g003,47,1842.7
g003,48,1954.8
g003,49,2042.2
g003,50,2115.3
g003,51,2206.6
g003,52,2278.1
g003,53,2356.1
g003,54,2380.4
g003,55,2404.9
g003,56,2438.9
g003,57,2468.2
g003,58,2577.7
g003,59,2720.5
g003,60,2854.1
g003,61,2987.7
g003,62,3120
g003,63,3249.4
g003,64,3315.6
g003,65,3428
g003,66,3556.4
g003,67,3593.3
g003,68,3651.3
g003,69,3774.4
g003,70,3879.3
g003,71,3971.8
g003,72,4056
g003,73,4141.8
g003,74,4215.8
g003,75,4288.8
g003,76,4358.5
g003,77,4419.4
g003,78,4473.7
g003,79,4523.8
g003,80,4589
g003,81,4652.6
g003,82,4699.9
g003,83,4743.8
g003,84,4781.4
g003,85,4815.4
g003,86,4845.4
g003,87,4872.8
g003,88,4899
g003,89,4923.9
g003,90,4947
g003,91,4968.6
g003,92,4988.6
g003,93,5006.8
g003,94,5027.7
g003,95,5046.2
g003,96,5062.5
g003,97,5077.8
g003,98,5091.5
g003,99,5103.5
g003,100,5115
g003,101,5126.8
g003,102,5136.8
g003,103,5142.6
g003,104,5144.8
g003,105,5147.7
g003,106,5149.4
g003,107,5152.6
g003,108,5154.8
g003,109,5156.2
g003,110,5157.7
g003,111,5164
g003,112,5170.3
g003,113,5176.1
g003,114,5180
g003,115,5182.5
g003,116,5187.1
g003,117,5192.9
g003,118,5194.3
g003,119,5194.3
g003,120,5194.3
g004,0,0
g004,1,0
g004,2,0
g004,3,0
g004,4,0
g004,5,0
g004,6,4.6
g004,7,6.1
g004,8,8
g004,9,10.3
g004,10,12.8
g004,11,16.3
g004,12,19.9
g004,13,23
g004,14,26.4
g004,15,30
g004,16,34.6
g004,17,38.2
g004,18,43.3
g004,19,48.6
g004,20,51.2
g004,21,57.8
g004,22,67.5
g004,23,78
g004,24,91.3
g004,25,106.7
g004,26,124.3
g004,27,142.2
g004,28,162.2
g004,29,186.1
g004,30,213.2
g004,31,241.8
g004,32,252.4
g004,33,285.5
g004,34,324.8
g004,35,368.6
g004,36,420.4
g004,37,478
g004,38,542
g004,39,612.7
g004,40,685.9
g004,41,765.4
g004,42,851.6
g004,43,944.2
g004,44,1043.3
g004,45,1142.2
g004,46,1225.8
g004,47,1334.7
g004,48,1463.7
g004,49,1574.4
g004,50,1672.3
g004,51,1786.7
g004,52,1886.2
g004,53,1994.2
g004,54,2027.4
g004,55,2062.2
g004,56,2105.9
g004,57,2141
g004,58,2263.5
g004,59,2421.4
g004,60,2571.1
g004,61,2708.6
g004,62,2833.9
g004,63,2963.2
g004,64,3033
g004,65,3146.5
g004,66,3246.9
g004,67,3281.3
g004,68,3332.9
g004,69,3428
g004,70,3508.5
g004,71,3580.1
g004,72,3644.7
g004,73,3709.3
g004,74,3765.9
g004,75,3821.9
g004,76,3875.3
g004,77,3922
g004,78,3963.6
g004,79,4002.1
g004,80,4051.3
g004,81,4099.3
g004,82,4135.6
g004,83,4169.2
g004,84,4198
g004,85,4224
g004,86,4246.9
g004,87,4267.8
g004,88,4287.7
g004,89,4306.9
g004,90,4325.3
g004,91,4342.4
g004,92,4358.3
g004,93,4372.8
g004,94,4389
g004,95,4403.4
g004,96,4416.3
g004,97,4428.4
g004,98,4439.7
g004,99,4450.6
g004,100,4461
g004,101,4470.7
g004,102,4479.8
g004,103,4488.4
g004,104,4500.7
g004,105,4519.2
g004,106,4531
g004,107,4552.1
g004,108,4565.3
g004,109,4573.2
g004,110,4581.1
g004,111,4611.4
g004,112,4641.6
g004,113,4669.3
g004,114,4687.7
g004,115,4698.2
g004,116,4717.6
g004,117,4717.6
g004,118,4717.6
g005,0,0
g005,1,0
g005,2,0
g005,3,0
g005,4,0
g005,5,0
g005,6,4.6
g005,7,6.1
g005,8,8.1
g005,9,10.4
g005,10,12.9
g005,11,16.5
g005,12,20.1
g005,13,23.3
g005,14,26.7
g005,15,30.3
g005,16,35
g005,17,38.6
g005,18,43.7
g005,19,49
g005,20,51.7
g005,21,58.3
g005,22,68
g005,23,78.5
g005,24,91.9
g005,25,107.3
g005,26,124.9
g005,27,142.7
g005,28,162.7
g005,29,186.5
g005,30,213.4
g005,31,241.8
g005,32,252.3
g005,33,285.1
g005,34,323.9
g005,35,367.2
g005,36,418.2
g005,37,474.8
g005,38,537.6
g005,39,606.8
g005,40,678.4
g005,41,756
g005,42,840
g005,43,930.3
g005,44,1026.8
g005,45,1122.9
g005,46,1204
g005,47,1309.7
g005,48,1434.9
g005,49,1543.1
g005,50,1639.2
g005,51,1758.8
g005,52,1849.9
g005,53,1946.9
g005,54,1976.2
g005,55,2007
g005,56,2046.8
g005,57,2080.8
g005,58,2204.8
g005,59,2365
g005,60,2511.4
g005,61,2655.2
g005,62,2797.8
g005,63,2932.1
g005,64,2999.8
g005,65,3113.4
g005,66,3247.7
g005,67,3284.1
g005,68,3338.7
g005,69,3475.2
g005,70,3608.8
g005,71,3723.5
g005,72,3829.9
g005,73,3940
g005,74,4021
g005,75,4111.3
g005,76,4188.3
g005,77,4255.9
g005,78,4316.4
g005,79,4372.5
g005,80,4458.3
g005,81,4542.5
g005,82,4604.2
g005,83,4657.6
g005,84,4704.5
g005,85,4743.6
g005,86,4778.3
g005,87,4810.2
g005,88,4845.4
g005,89,4877.9
g005,90,4905.3
g005,91,4930.4
g005,92,4953
g005,93,4973.5
g005,94,5001
g005,95,5025.4
g005,96,5045.4
g005,97,5063
g005,98,5081
g005,99,5096.8
g005,100,5112
g005,101,5127.5
g005,102,5141.1
g005,103,5154.9
g005,104,5162.7
g005,105,5169.2
g005,106,5172.9
g005,107,5179.6
g005,108,5184.1
g005,109,5186.9
g005,110,5189.8
g005,111,5201.7
g005,112,5212
g005,113,5220.5
g005,114,5225.8
g005,115,5229.4
g005,116,5236.7
g005,117,5245.9
g005,118,5253.7
g005,119,5260.9
g005,120,5260.9
g005,121,5260.9
g006,0,0
g006,1,0
g006,2,0
g006,3,0
g006,4,0
g006,5,0
g006,6,4.6
g006,7,5.9
g006,8,7.5
g006,9,9.3
g006,10,11.4
g006,11,14.1
g006,12,16.9
g006,13,19.2
g006,14,21.8
g006,15,24.3
g006,16,27.6
g006,17,30.2
g006,18,33.8
g006,19,37.4
g006,20,39.1
g006,21,43.5
g006,22,50
g006,23,56.7
g006,24,65.3
g006,25,74.9
g006,26,85.8
g006,27,96.6
g006,28,108.5
g006,29,122.6
g006,30,138.3
g006,31,154.7
g006,32,160.7
g006,33,179.4
g006,34,201.4
g006,35,225.8
g006,36,254.4
g006,37,286.2
g006,38,321.4
g006,39,360.4
g006,40,400.9
g006,41,445.2
g006,42,493.5
g006,43,546.2
g006,44,603.5
g006,45,661.5
g006,46,711.3
g006,47,777
g006,48,856.2
g006,49,926
g006,50,989.2
g006,51,1071.7
g006,52,1141.2
g006,53,1219.7
g006,54,1244.7
g006,55,1269.8
g006,56,1301.4
g006,57,1326.9
g006,58,1416.5
g006,59,1534.1
g006,60,1648.1
g006,61,1764.6
g006,62,1882.9
g006,63,1995.8
g006,64,2052.5
g006,65,2144.9
g006,66,2251.4
g006,67,2279.8
g006,68,2322.2
g006,69,2427.9
g006,70,2539.9
g006,71,2644.2
g006,72,2741.9
g006,73,2843.1
g006,74,2921
g006,75,3004.6
g006,76,3079.2
g006,77,3144.9
g006,78,3203.9
g006,79,3258.7
g006,80,3339.1
g006,81,3418.1
g006,82,3476.1
g006,83,3526.4
g006,84,3570.7
g006,85,3609.6
g006,86,3644.2
g006,87,3676.1
g006,88,3709.6
g006,89,3740.5
g006,90,3768.1
g006,91,3793.4
g006,92,3816.4
g006,93,3836.8
g006,94,3862.6
g006,95,3885.5
g006,96,3904.3
g006,97,3921.3
g006,98,3938.1
g006,99,3953.4
g006,100,3968
g006,101,3982.5
g006,102,3995.2
g006,103,4008.1
g006,104,4024.6
g006,105,4047.7
g006,106,4062.5
g006,107,4088.8
g006,108,4105.3
g006,109,4115.2
g006,110,4125.1
g006,111,4162.9
g006,112,4200.8
g006,113,4235.3
g006,114,4258.4
g006,115,4273.2
g006,116,4301.2
g006,117,4335.7
g006,118,4360.4
g006,119,4379.1
g006,120,4391.2
g006,121,4400.3
g006,122,4401.2
g006,123,4401.2
g006,124,4401.2
g007,0,0
g007,1,0
g007,2,0
g007,3,0
g007,4,0
g007,5,0
g007,6,4.6
g007,7,6.5
g007,8,9.2
g007,9,12.3
g007,10,16
g007,11,21.2
g007,12,26.9
g007,13,32
g007,14,37.8
g007,15,43.9
g007,16,52.1
g007,17,58.7
g007,18,68.3
g007,19,78.5
g007,20,83.6
g007,21,96.8
g007,22,116.6
g007,23,138.6
g007,24,167.5
g007,25,201.7
g007,26,241.9
g007,27,283.5
g007,28,330.8
g007,29,387.9
g007,30,452.8
g007,31,521.4
g007,32,546.9
g007,33,626
g007,34,718.8
g007,35,821
g007,36,939.1
g007,37,1067.2
g007,38,1204.9
g007,39,1335.6
g007,40,1446.8
g007,41,1549.6
g007,42,1645.2
g007,43,1735
g007,44,1819.9
g007,45,1895.8
g007,46,1954.2
g007,47,2026.7
g007,48,2107
g007,49,2170.7
g007,50,2224.5
g007,51,2292
g007,52,2345.2
g007,53,2403.3
g007,54,2421.5
g007,55,2440.9
g007,56,2467.1
g007,57,2489.5
g007,58,2573.3
g007,59,2679.2
g007,60,2779.4
g007,61,2879.9
g007,62,2981.9
g007,63,3080.2
g007,64,3131.2
g007,65,3219
g007,66,3325.6
g007,67,3355.1
g007,68,3402.3
g007,69,3527.6
g007,70,3651.6
g007,71,3758.3
g007,72,3857.7
g007,73,3960.8
g007,74,4050.3
g007,75,4138.7
g007,76,4223.3
g007,77,4297.5
g007,78,4363.7
g007,79,4425
g007,80,4504.1
g007,81,4581.6
g007,82,4639.9
g007,83,4694.2
g007,84,4740.9
g007,85,4783.1
g007,86,4820.7
g007,87,4855.1
g007,88,4888
g007,89,4919.5
g007,90,4948.9
g007,91,4975.7
g007,92,5000
g007,93,5021.7
g007,94,5046.5
g007,95,5068.5
g007,96,5088
g007,97,5106.2
g007,98,5123.2
g007,99,5139.5
g007,100,5155.2
g007,101,5169.8
g007,102,5182.4
g007,103,5194.9
g007,104,5205.4
g007,105,5215.3
g007,106,5219.7
g007,107,5226
g007,108,5229.8
g007,109,5232.3
g007,110,5234.8
g007,111,5245.1
g007,112,5253.7
g007,113,5260.5
g007,114,5264.8
g007,115,5267.4
g007,116,5271.9
g007,117,5277.2
g007,118,5281.6
g007,119,5285.7
g007,120,5289
g007,121,5289.5
g007,122,5289.5
g007,123,5289.5
g008,0,0
g008,1,0
g008,2,0
g008,3,0
g008,4,0
g008,5,0
g008,6,4.6
g008,7,5.8
g008,8,7.2
g008,9,8.8
g008,10,10.6
g008,11,13.1
g008,12,15.5
g008,13,17.5
g008,14,19.8
g008,15,22
g008,16,24.8
g008,17,27
g008,18,30.1
g008,19,33.1
g008,20,34.6
g008,21,38.4
g008,22,43.8
g008,23,49.5
g008,24,56.6
g008,25,64.7
g008,26,73.7
g008,27,82.6
g008,28,92.5
g008,29,104.1
g008,30,117
g008,31,130.5
g008,32,135.4
g008,33,150.8
g008,34,168.9
g008,35,188.9
g008,36,212.3
g008,37,238.3
g008,38,266.9
g008,39,298.6
g008,40,331.3
g008,41,367.1
g008,42,406.2
g008,43,448.6
g008,44,494.7
g008,45,541.4
g008,46,581.5
g008,47,634.6
g008,48,698.9
g008,49,755.8
g008,50,807.4
g008,51,874.9
g008,52,931.7
g008,53,996.1
g008,54,1016.7
g008,55,1037.5
g008,56,1063.8
g008,57,1085
g008,58,1160.1
g008,59,1260.4
g008,60,1360.2
g008,61,1464.7
g008,62,1573.7
g008,63,1680.4
g008,64,1731.9
g008,65,1815.4
g008,66,1908.1
g008,67,1931.7
g008,68,1967.7
g008,69,2058.9
g008,70,2151.9
g008,71,2235.2
g008,72,2321.2
g008,73,2410
g008,74,2501.3
g008,75,2594.5
g008,76,2684.4
g008,77,2764.9
g008,78,2837.2
g008,79,2920.9
g008,80,3011
g008,81,3102.4
g008,82,3199.3
g008,83,3295.9
g008,84,3381.4
g008,85,3440.8
g008,86,3491.6
g008,87,3541.2
g008,88,3607.5
g008,89,3669.2
g008,90,3720.9
g008,91,3766.6
g008,92,3809.6
g008,93,3848.3
g008,94,3901.1
g008,95,3947.5
g008,96,3984.9
g008,97,4017.5
g008,98,4050.4
g008,99,4078.9
g008,100,4105.8
g008,101,4132.8
g008,102,4156.2
g008,103,4180
g008,104,4216.1
g008,105,4268.6
g008,106,4303
g008,107,4364.1
g008,108,4402.4
g008,109,4425.3
g008,110,4448.3
g008,111,4536
g008,112,4623.8
g008,113,4703.9
g008,114,4757.4
g008,115,4791.8
g008,116,4856.8
g008,117,4940.9
g008,118,5025.1
g008,119,5113
g008,120,5189.4
g008,121,5258.3
g008,122,5288.9
g008,123,5380.4
g008,124,5451
g008,125,5502.2
g008,126,5540.5
g008,127,5569.5
g008,128,5593.5
g008,129,5612.6
g008,130,5625.9
g008,131,5630.7
g008,132,5643.4
g008,133,5661.4
g008,134,5679.3
g008,135,5690.5
g008,136,5704.4
g008,137,5714.7
g008,138,5723.4
g008,139,5729.6
g008,140,5729.6
g008,141,5729.6
g009,0,0
g009,1,0
g009,2,0
g009,3,0
g009,4,0
g009,5,0
g009,6,4.6
g009,7,5.9
g009,8,7.7
g009,9,9.6
g009,10,11.8
g009,11,14.7
g009,12,17.8
g009,13,20.3
g009,14,23.2
g009,15,26
g009,16,29.7
g009,17,32.6
g009,18,36.7
g009,19,40.8
g009,20,42.8
g009,21,47.9
g009,22,55.3
g009,23,63.1
g009,24,73
g009,25,84.3
g009,26,97.1
g009,27,109.9
g009,28,124.1
g009,29,141
g009,30,159.9
g009,31,179.7
g009,32,187.1
g009,33,209.9
g009,34,236.9
g009,35,266.9
g009,36,302.3
g009,37,341.6
g009,38,385.4
g009,39,434
g009,40,484.5
g009,41,539.8
g009,42,600.2
g009,43,665.7
g009,44,736.3
g009,45,806.9
g009,46,866.3
g009,47,943.6
g009,48,1034.5
g009,49,1112.3
g009,50,1180.6
g009,51,1267.5
g009,52,1338.2
g009,53,1415.8
g009,54,1439.8
g009,55,1463.7
g009,56,1493.5
g009,57,1517.2
g009,58,1599.6
g009,59,1704.9
g009,60,1803.9
g009,61,1902.3
g009,62,2000.1
g009,63,2091.6
g009,64,2136.8
g009,65,2210
g009,66,2293.8
g009,67,2315.9
g009,68,2348.8
g009,69,2430.7
g009,70,2517.1
g009,71,2597.2
g009,72,2681.6
g009,73,2770.2
g009,74,2862.4
g009,75,2958.3
g009,76,3052.9
g009,77,3146.7
g009,78,3238.4
g009,79,3324.2
g009,80,3414.1
g009,81,3502.6
g009,82,3594.7
g009,83,3679.7
g009,84,3754.9
g009,85,3820
g009,86,3878.5
g009,87,3932.6
g009,88,3990.7
g009,89,4044.7
g009,90,4092.5
g009,91,4136.8
g009,92,4177.2
g009,93,4213.6
g009,94,4259.4
g009,95,4299.6
g009,96,4332
g009,97,4360.7
g009,98,4389.1
g009,99,4414
g009,100,4437.6
g009,101,4461
g009,102,4481.5
g009,103,4502.4
g009,104,4516.3
g009,105,4531.3
g009,106,4539.2
g009,107,4555.5
g009,108,4566.8
g009,109,4573.4
g009,110,4579.5
g009,111,4598.8
g009,112,4618.3
g009,113,4619.6
g009,114,4619.6
g009,115,4619.6
g010,0,0
g010,1,0
g010,2,0
g010,3,0
g010,4,0
g010,5,0
g010,6,4.6
g010,7,6.2
g010,8,8.4
g010,9,10.9
g010,10,13.8
g010,11,17.9
g010,12,22.2
g010,13,25.9
g010,14,30.1
g010,15,34.4
g010,16,40.2
g010,17,44.6
g010,18,51.2
g010,19,57.9
g010,20,61.3
g010,21,69.8
g010,22,82.6
g010,23,96.4
g010,24,114.4
g010,25,135.3
g010,26,159.6
g010,27,184.4
g010,28,212.6
g010,29,246.7
g010,30,285.3
g010,31,326.2
g010,32,341.5
g010,33,389
g010,34,445.4
g010,35,508.3
g010,36,582.1
g010,37,663.9
g010,38,753.9
g010,39,852.3
g010,40,952.9
g010,41,1060.9
g010,42,1176.2
g010,43,1297.6
g010,44,1409.7
g010,45,1507.4
g010,46,1581.1
g010,47,1670.9
g010,48,1768.2
g010,49,1843.5
g010,50,1905.9
g010,51,1983.1
g010,52,2042.6
g010,53,2106.6
g010,54,2126.1
g010,55,2146.6
g010,56,2173.8
g010,57,2196.8
g010,58,2281.7
g010,59,2388.1
g010,60,2483.2
g010,61,2574.8
g010,62,2664
g010,63,2746.5
g010,64,2786.7
g010,65,2855.9
g010,66,2938.5
g010,67,2961.1
g010,68,2996.9
g010,69,3092.1
g010,70,3197.1
g010,71,3298.7
g010,72,3411.6
g010,73,3537
g010,74,3619.5
g010,75,3722.8
g010,76,3807.8
g010,77,3883.3
g010,78,3955.6
g010,79,4026.2
g010,80,4124.7
g010,81,4221.3
g010,82,4292.3
g010,83,4355.5
g010,84,4410
g010,85,4459.5
g010,86,4503.5
g010,87,4544
g010,88,4584.9
g010,89,4622.7
g010,90,4657.6
g010,91,4689.6
g010,92,4718.7
g010,93,4744.6
g010,94,4775.6
g010,95,4802.5
g010,96,4824.6
g010,97,4845.1
g010,98,4864.9
g010,99,4883.3
g010,100,4901
g010,101,4918
g010,102,4933.3
g010,103,4948.5
g010,104,4971.6
g010,105,5008.5
g010,106,5032.2
g010,107,5074.3
g010,108,5100.6
g010,109,5115.2
g010,110,5123.5
g010,111,5155
g010,112,5177.3
g010,113,5192.1
g010,114,5199.9
g010,115,5204.6
g010,116,5213.9
g010,117,5224.4
g010,118,5232.8
g010,119,5240
g010,120,5245.3
g010,121,5249.9
g010,122,5251.9
g010,123,5258
g010,124,5263.8
g010,125,5268.8
g010,126,5273.8
g010,127,5274
g010,128,5274
g010,129,5274
g011,0,0
g011,1,0
g011,2,0
g011,3,0
g011,4,0
g011,5,0
g011,6,4.6
g011,7,6.3
g011,8,8.4
g011,9,11
g011,10,13.8
g011,11,17.8
g011,12,22
g011,13,25.7
g011,14,29.7
g011,15,33.9
g011,16,39.4
g011,17,43.7
g011,18,49.9
g011,19,56.3
g011,20,59.5
g011,21,67.5
g011,22,79.5
g011,23,92.4
g011,24,109
g011,25,128.3
g011,26,150.6
g011,27,173.3
g011,28,199
g011,29,229.7
g011,30,264.5
g011,31,301.3
g011,32,314.9
g011,33,357.5
g011,34,407.9
g011,35,464.1
g011,36,530
g011,37,603
g011,38,683.4
g011,39,771.6
g011,40,861.9
g011,41,959.1
g011,42,1063.2
g011,43,1174
g011,44,1291.1
g011,45,1402.3
g011,46,1485.9
g011,47,1587.3
g011,48,1696.8
g011,49,1781.4
g011,50,1851.4
g011,51,1937.5
g011,52,2004
g011,53,2075.2
g011,54,2096.9
g011,55,2119.6
g011,56,2149.8
g011,57,2175.2
g011,58,2269.1
g011,59,2387.7
g011,60,2494.7
g011,61,2598.5
g011,62,2697.3
g011,63,2792
g011,64,2839.9
g011,65,2921
g011,66,3017.4
g011,67,3043.7
g011,68,3085.2
g011,69,3194.3
g011,70,3314.4
g011,71,3418.8
g011,72,3515.9
g011,73,3616.5
g011,74,3689
g011,75,3771.1
g011,76,3846
g011,77,3911.7
g011,78,3970.3
g011,79,4024.6
g011,80,4101.8
g011,81,4177.4
g011,82,4232.7
g011,83,4280.7
g011,84,4322.6
g011,85,4359.9
g011,86,4392.9
g011,87,4423.2
g011,88,4454.4
g011,89,4483.1
g011,90,4509
g011,91,4532.5
g011,92,4553.7
g011,93,4572.8
g011,94,4596.7
g011,95,4617.9
g011,96,4635.3
g011,97,4651.2
g011,98,4666.9
g011,99,4681.1
g011,100,4694.8
g011,101,4708.2
g011,102,4720.1
g011,103,4732.1
g011,104,4750.4
g011,105,4779.7
g011,106,4798.5
g011,107,4829.5
g011,108,4845.4
g011,109,4854.4
g011,110,4863.4
g011,111,4898.1
g011,112,4923.6
g011,113,4941
g011,114,4950.3
g011,115,4955.8
g011,116,4966.4
g011,117,4978.5
g011,118,4987.9
g011,119,4996.1
g011,120,5001.9
g011,121,5006.9
g011,122,5009
g011,123,5016.1
g011,124,5023.9
g011,125,5023.9
g011,126,5023.9
g012,0,0
g012,1,0
g012,2,0
g012,3,0
g012,4,0
g012,5,0
g012,6,4.6
g012,7,6.4
g012,8,8.7
g012,9,11.4
g012,10,14.5
g012,11,18.9
g012,12,23.5
g012,13,27.6
g012,14,32.3
g012,15,37
g012,16,43.4
g012,17,48.4
g012,18,55.7
g012,19,63.2
g012,20,67
g012,21,76.6
g012,22,91
g012,23,106.7
g012,24,127.1
g012,25,151
g012,26,178.9
g012,27,207.4
g012,28,239.8
g012,29,278.8
g012,30,323.2
g012,31,370.2
g012,32,387.7
g012,33,442.4
g012,34,507.1
g012,35,579
g012,36,663.5
g012,37,756.5
g012,38,858.6
g012,39,969.7
g012,40,1082.6
g012,41,1203.2
g012,42,1328.6
g012,43,1444.3
g012,44,1552.1
g012,45,1646.6
g012,46,1718.4
g012,47,1806.4
g012,48,1902.4
g012,49,1977.3
g012,50,2039.9
g012,51,2117.6
g012,52,2178
g012,53,2243.3
g012,54,2263.3
g012,55,2284.5
g012,56,2312.8
g012,57,2336.8
g012,58,2425.8
g012,59,2539
g012,60,2642
g012,61,2738.5
g012,62,2837.3
g012,63,2931.2
g012,64,2979
g012,65,3060.4
g012,66,3157.7
g012,67,3184.4
g012,68,3226.8
g012,69,3338.9
g012,70,3462.7
g012,71,3578.8
g012,72,3686.9
g012,73,3799
g012,74,3881.8
g012,75,3973.5
g012,76,4062.6
g012,77,4140.9
g012,78,4210.9
g012,79,4275.8
g012,80,4362.7
g012,81,4447.7
g012,82,4510.1
g012,83,4567.8
g012,84,4617.6
g012,85,4662.6
g012,86,4702.7
g012,87,4739.4
g012,88,4775
g012,89,4808.8
g012,90,4840.3
g012,91,4869.2
g012,92,4895.3
g012,93,4918.5
g012,94,4945.4
g012,95,4969.3
g012,96,4989.8
g012,97,5008.9
g012,98,5026.7
g012,99,5043.8
g012,100,5060.3
g012,101,5075.6
g012,102,5089.8
g012,103,5103.4
g012,104,5124.1
g012,105,5156.6
g012,106,5168.4
g012,107,5182.1
g012,108,5189.8
g012,109,5194.4
g012,110,5199.1
g012,111,5218.1
g012,112,5232.4
g012,113,5242.7
g012,114,5248.5
g012,115,5252.2
g012,116,5259.7
g012,117,5268.6
g012,118,5275.8
g012,119,5282.4
g012,120,5287.3
g012,121,5291.7
g012,122,5293.7
g012,123,5299.6
g012,124,5301.4
g012,125,5301.4
g012,126,5301.4
g013,0,0
g013,1,0
g013,2,0
g013,3,0
g013,4,0
g013,5,0
g013,6,4.6
g013,7,6.2
g013,8,8.4
g013,9,10.9
g013,10,13.8
g013,11,17.8
g013,12,22
g013,13,25.6
g013,14,29.7
g013,15,33.9
g013,16,39.5
g013,17,43.8
g013,18,50.2
g013,19,56.6
g013,20,59.9
g013,21,68.1
g013,22,80.3
g013,23,93.6
g013,24,110.7
g013,25,130.7
g013,26,153.7
g013,27,177.2
g013,28,203.8
g013,29,235.7
g013,30,272
g013,31,310.6
g013,32,324.9
g013,33,369.8
g013,34,423.1
g013,35,482.6
g013,36,552.9
g013,37,631
g013,38,717.4
g013,39,812.4
g013,40,910.1
g013,41,1015.6
g013,42,1128.8
g013,43,1249.5
g013,44,1377.5
g013,45,1504
g013,46,1602.5
g013,47,1722.1
g013,48,1851.3
g013,49,1950.9
g013,50,2033.8
g013,51,2136.5
g013,52,2216.7
g013,53,2303.6
g013,54,2329.8
g013,55,2358
g013,56,2395.6
g013,57,2427.5
g013,58,2545.9
g013,59,2698.5
g013,60,2840
g013,61,2980.6
g013,62,3121.5
g013,63,3255.3
g013,64,3323.3
g013,65,3437.8
g013,66,3573.9
g013,67,3610.9
g013,68,3668.8
g013,69,3812
g013,70,3935.8
g013,71,4048.5
g013,72,4151.7
g013,73,4252.8
g013,74,4344
g013,75,4434.4
g013,76,4521
g013,77,4597.1
g013,78,4665.2
g013,79,4728.4
g013,80,4807.1
g013,81,4884.3
g013,82,4944.6
g013,83,5000.9
g013,84,5049.3
g013,85,5093.3
g013,86,5132.4
g013,87,5168.3
g013,88,5202.7
g013,89,5235.6
g013,90,5266.5
g013,91,5294.7
g013,92,5320.2
g013,93,5343.4
g013,94,5368.8
g013,95,5391.6
g013,96,5412.4
g013,97,5431.8
g013,98,5449.9
g013,99,5467.4
g013,100,5481.4
g013,101,5495.7
g013,102,5508.4
g013,103,5521.2
g013,104,5526.8
g013,105,5532.8
g013,106,5535.4
g013,107,5539.4
g013,108,5542.1
g013,109,5543.9
g013,110,5545.7
g013,111,5553.3
g013,112,5560.6
g013,113,5567
g013,114,5571.2
g013,115,5574.2
g013,116,5580.2
g013,117,5588
g013,118,5594.7
g013,119,5597.7
g013,120,5597.7
g013,121,5597.7
g014,0,0
g014,1,0
g014,2,0
g014,3,0
g014,4,0
g014,5,0
g014,6,4.6
g014,7,6.1
g014,8,8
g014,9,10.2
g014,10,12.7
g014,11,16.1
g014,12,19.6
g014,13,22.6
g014,14,25.8
g014,15,29.2
g014,16,33.5
g014,17,36.8
g014,18,41.6
g014,19,46.5
g014,20,48.9
g014,21,54.9
g014,22,63.8
g014,23,73.2
g014,24,85.2
g014,25,98.9
g014,26,114.6
g014,27,130.4
g014,28,148
g014,29,168.9
g014,30,192.4
g014,31,217.2
g014,32,226.3
g014,33,254.8
g014,34,288.5
g014,35,325.9
g014,36,370
g014,37,419.1
g014,38,473.4
g014,39,533.5
g014,40,595.7
g014,41,663.5
g014,42,737.1
g014,43,816.7
g014,44,902.3
g014,45,988.1
g014,46,1060.8
g014,47,1156
g014,48,1269.6
g014,49,1368.3
g014,50,1456.6
g014,51,1570.6
g014,52,1665.4
g014,53,1769.8
g014,54,1801
g014,55,1833.4
g014,56,1875.7
g014,57,1909.7
g014,58,2029.2
g014,59,2185.5
g014,60,2324.7
g014,61,2461
g014,62,2594.4
g014,63,2718.6
g014,64,2780.7
g014,65,2884.6
g014,66,3006.9
g014,67,3039.8
g014,68,3091.4
g014,69,3225.8
g014,70,3372
g014,71,3509.7
g014,72,3656
g014,73,3809.9
g014,74,3918.6
g014,75,4045.5
g014,76,4150.4
g014,77,4242.1
g014,78,4324.5
g014,79,4401.5
g014,80,4524.1
g014,81,4644.6
g014,82,4733.2
g014,83,4810.3
g014,84,4878.2
g014,85,4932.9
g014,86,4981.8
g014,87,5026.9
g014,88,5078.7
g014,89,5126.7
g014,90,5166.8
g014,91,5202.9
g014,92,5235.7
g014,93,5265.1
g014,94,5305.1
g014,95,5340.1
g014,96,5368.2
g014,97,5393
g014,98,5418.4
g014,99,5440.7
g014,100,5462.1
g014,101,5483.9
g014,102,5503.1
g014,103,5522.6
g014,104,5535.3
g014,105,5547.6
g014,106,5553.2
g014,107,5562.4
g014,108,5567
g014,109,5569.6
g014,110,5572.4
g014,111,5583.4
g014,112,5593.1
g014,113,5600.9
g014,114,5605.9
g014,115,5609.4
g014,116,5616.3
g014,117,5625.1
g014,118,5632.6
g014,119,5639.6
g014,120,5645.1
g014,121,5650
g014,122,5651.1
g014,123,5651.1
g014,124,5651.1
g015,0,0
g015,1,0
g015,2,0
g015,3,0
g015,4,0
g015,5,0
g015,6,4.6
g015,7,6.1
g015,8,8.1
g015,9,10.3
g015,10,12.9
g015,11,16.4
g015,12,20
g015,13,23.2
g015,14,26.7
g015,15,30.3
g015,16,34.9
g015,17,38.5
g015,18,43.7
g015,19,49
g015,20,51.7
g015,21,58.3
g015,22,68.2
g015,23,78.7
g015,24,92.2
g015,25,107.8
g015,26,125.6
g015,27,143.6
g015,28,163.9
g015,29,188.1
g015,30,215.4
g015,31,244.3
g015,32,255
g015,33,288.5
g015,34,328.2
g015,35,372.5
g015,36,424.8
g015,37,483
g015,38,547.7
g015,39,619.2
g015,40,693.2
g015,41,773.8
g015,42,860.9
g015,43,954.7
g015,44,1055
g015,45,1155.2
g015,46,1239.8
g015,47,1350.2
g015,48,1481.3
g015,49,1594.7
g015,50,1694
g015,51,1806.7
g015,52,1900.7
g015,53,2001.2
g015,54,2031
g015,55,2063.1
g015,56,2105.6
g015,57,2141.8
g015,58,2269.3
g015,59,2433.9
g015,60,2590.5
g015,61,2736
g015,62,2868.8
g015,63,3014
g015,64,3087.8
g015,65,3207.8
g015,66,3321.3
g015,67,3357.7
g015,68,3412.3
g015,69,3520.3
g015,70,3612
g015,71,3690.1
g015,72,3761.9
g015,73,3835.8
g015,74,3897.2
g015,75,3958
g015,76,4015.9
g015,77,4066.6
g015,78,4111.8
g015,79,4153.5
g015,80,4209.7
g015,81,4264.4
g015,82,4304.4
g015,83,4340.9
g015,84,4372.1
g015,85,4400.3
g015,86,4425.2
g015,87,4447.9
g015,88,4469.9
g015,89,4490.6
g015,90,4510.3
g015,91,4528.8
g015,92,4545.9
g015,93,4561.4
g015,94,4579.8
g015,95,4596.1
g015,96,4610
g015,97,4623
g015,98,4635.2
g015,99,4646.8
g015,100,4658
g015,101,4668.5
g015,102,4678.2
g015,103,4687.4
g015,104,4701.1
g015,105,4718.8
g015,106,4728.6
g015,107,4746.2
g015,108,4756.2
g015,109,4762.3
g015,110,4768.6
g015,111,4793.7
g015,112,4813.3
g015,113,4827.4
g015,114,4835.4
g015,115,4840.3
g015,116,4850.2
g015,117,4850.7
g015,118,4850.7
g015,119,4850.7
g016,0,0
g016,1,0
g016,2,0
g016,3,0
g016,4,0
g016,5,0
g016,6,4.6
g016,7,6.1
g016,8,8.2
g016,9,10.5
g016,10,13.2
g016,11,16.9
g016,12,20.8
g016,13,24.2
g016,14,28
g016,15,31.9
g016,16,37
g016,17,40.9
g016,18,46.7
g016,19,52.6
g016,20,55.6
g016,21,63.1
g016,22,74.2
g016,23,86.2
g016,24,101.7
g016,25,119.6
g016,26,140.3
g016,27,161.4
g016,28,185.1
g016,29,213.5
g016,30,245.7
g016,31,279.7
g016,32,292.4
g016,33,331.9
g016,34,378.6
g016,35,430.7
g016,36,492
g016,37,559.8
g016,38,634.7
g016,39,716.8
g016,40,801.1
g016,41,891.8
g016,42,988.9
g016,43,1092.4
g016,44,1201.8
g016,45,1309.8
g016,46,1400
g016,47,1516.7
g016,48,1648.7
g016,49,1749.7
g016,50,1832.9
g016,51,1935.1
g016,52,2014
g016,53,2098.8
g016,54,2124.8
g016,55,2151.8
g016,56,2188.2
g016,57,2219.3
g016,58,2335.3
g016,59,2485.3
g016,60,2624.7
g016,61,2763.6
g016,62,2903.4
g016,63,3037
g016,64,3105.2
g016,65,3220.8
g016,66,3358.1
g016,67,3394.6
g016,68,3449.2
g016,69,3585.4
g016,70,3729.9
g016,71,3854.8
g016,72,3971
g016,73,4091.3
g016,74,4173.4
g016,75,4272
g016,76,4353.2
g016,77,4421.6
g016,78,4482.9
g016,79,4542
g016,80,4635.7
g016,81,4727.5
g016,82,4794.8
g016,83,4853.2
g016,84,4904.4
g016,85,4944.1
g016,86,4979.3
g016,87,5011.7
g016,88,5050.2
g016,89,5085.8
g016,90,5115.3
g016,91,5140.7
g016,92,5164.5
g016,93,5185.1
g016,94,5214.8
g016,95,5241.2
g016,96,5262.8
g016,97,5281.8
g016,98,5301.3
g016,99,5318.4
g016,100,5334.8
g016,101,5351.6
g016,102,5365
g016,103,5374.7
g016,104,5378.2
g016,105,5381.6
g016,106,5383.2
g016,107,5386.8
g016,108,5389.7
g016,109,5391.1
g016,110,5392.7
g016,111,5399.5
g016,112,5406.6
g016,113,5413.1
g016,114,5417.4
g016,115,5420
g016,116,5425
g016,117,5426.2
g016,118,5426.2
g016,119,5426.2
g017,0,0
g017,1,0
g017,2,0
g017,3,0
g017,4,0
g017,5,0
g017,6,4.6
g017,7,6.3
g017,8,8.6
g017,9,11.1
g017,10,14.1
g017,11,18.2
g017,12,22.5
g017,13,26.2
g017,14,30.4
g017,15,34.7
g017,16,40.4
g017,17,44.8
g017,18,51.2
g017,19,57.7
g017,20,61
g017,21,69.3
g017,22,81.6
g017,23,94.8
g017,24,111.9
g017,25,131.7
g017,26,154.4
g017,27,177.6
g017,28,203.8
g017,29,235.1
g017,30,270.7
g017,31,308.3
g017,32,322.4
g017,33,366.1
g017,34,417.9
g017,35,475.8
g017,36,544
g017,37,619.6
g017,38,703.2
g017,39,795.2
g017,40,889.6
g017,41,991.6
g017,42,1100.8
g017,43,1217.4
g017,44,1341
g017,45,1463.2
g017,46,1565.5
g017,47,1697.7
g017,48,1848
g017,49,1964.8
g017,50,2062.4
g017,51,2182.2
g017,52,2277.6
g017,53,2382
g017,54,2414.6
g017,55,2449
g017,56,2494.5
g017,57,2533
g017,58,2672.2
g017,59,2851.1
g017,60,3020.2
g017,61,3189.3
g017,62,3355
g017,63,3513.5
g017,64,3592.3
g017,65,3720.2
g017,66,3854
g017,67,3893
g017,68,3951.4
g017,69,4074.7
g017,70,4185.9
g017,71,4286.1
g017,72,4377.6
g017,73,4463.8
g017,74,4544.4
g017,75,4624.3
g017,76,4700.8
g017,77,4767.9
g017,78,4828
g017,79,4883.7
g017,80,4950.7
g017,81,5016.3
g017,82,5069.4
g017,83,5118.9
g017,84,5161.5
g017,85,5200.1
g017,86,5234.4
g017,87,5265.9
g017,88,5296
g017,89,5324.8
g017,90,5351.7
g017,91,5376.5
g017,92,5399.3
g017,93,5418.4
g017,94,5440.4
g017,95,5459.9
g017,96,5475.9
g017,97,5489.9
g017,98,5503
g017,99,5512.9
g017,100,5519.7
g017,101,5524.5
g017,102,5528
g017,103,5529.9
g017,104,5530.8
g017,105,5532.2
g017,106,5533.1
g017,107,5535.1
g017,108,5536.5
g017,109,5537.6
g017,110,5538.8
g017,111,5544.1
g017,112,5550.1
g017,113,5556.2
g017,114,5557.7
g017,115,5557.7
g017,116,5557.7
g018,0,0
g018,1,0
g018,2,0
g018,3,0
g018,4,0
g018,5,0
g018,6,4.6
g018,7,6.4
g018,8,8.7
g018,9,11.5
g018,10,14.7
g018,11,19.3
g018,12,24.1
g018,13,28.4
g018,14,33.2
g018,15,38.3
g018,16,45
g018,17,50.3
g018,18,58
g018,19,66
g018,20,70.1
g018,21,80.4
g018,22,95.9
g018,23,112.8
g018,24,135
g018,25,161
g018,26,191.4
g018,27,222.8
g018,28,258.5
g018,29,301.6
g018,30,350.8
g018,31,403.1
g018,32,422.6
g018,33,483.6
g018,34,555.9
g018,35,636.6
g018,36,731.2
g018,37,835.6
g018,38,950.1
g018,39,1074.7
g018,40,1201.4
g018,41,1325.3
g018,42,1439.3
g018,43,1545
g018,44,1643.8
g018,45,1730.9
g018,46,1797.2
g018,47,1878.7
g018,48,1967.9
g018,49,2037.8
g018,50,2096.2
g018,51,2169
g018,52,2225.7
g018,53,2287
g018,54,2306
g018,55,2326
g018,56,2352.9
g018,57,2375.8
g018,58,2461.2
g018,59,2570
g018,60,2668.8
g018,61,2763.7
g018,62,2860.2
g018,63,2952.4
g018,64,2999.6
g018,65,3080.6
g018,66,3178
g018,67,3204.8
g018,68,3247.6
g018,69,3361.5
g018,70,3484.4
g018,71,3589.9
g018,72,3688.1
g018,73,3789.8
g018,74,3871.5
g018,75,3958.9
g018,76,4046.7
g018,77,4123.7
g018,78,4192.5
g018,79,4256.2
g018,80,4334.5
g018,81,4411.1
g018,82,4471.6
g018,83,4527.9
g018,84,4576.4
g018,85,4620.2
g018,86,4659.1
g018,87,4694.8
g018,88,4728.9
g018,89,4761.5
g018,90,4791.9
g018,91,4819.7
g018,92,4844.8
g018,93,4867.1
g018,94,4891.4
g018,95,4913.3
g018,96,4933.4
g018,97,4952.1
g018,98,4969.5
g018,99,4986.3
g018,100,5002.3
g018,101,5017.3
g018,102,5031.3
g018,103,5044.6
g018,104,5063.2
g018,105,5094.4
g018,106,5106.7
g018,107,5120.7
g018,108,5128.5
g018,109,5133.2
g018,110,5138
g018,111,5157.3
g018,112,5171.7
g018,113,5181.8
g018,114,5187.5
g018,115,5191.2
g018,116,5198.5
g018,117,5207.2
g018,118,5214.3
g018,119,5220.6
g018,120,5225.3
g018,121,5229.6
g018,122,5231.5
g018,123,5233.2
g018,124,5233.2
g018,125,5233.2
g019,0,0
g019,1,0
g019,2,0
g019,3,0
g019,4,0
g019,5,0
g019,6,4.6
g019,7,6.3
g019,8,8.5
g019,9,11.1
g019,10,14.1
g019,11,18.2
g019,12,22.5
g019,13,26.3
g019,14,30.5
g019,15,34.9
g019,16,40.6
g019,17,45
g019,18,51.5
g019,19,58.1
g019,20,61.5
g019,21,69.9
g019,22,82.4
g019,23,95.9
g019,24,113.3
g019,25,133.6
g019,26,157.1
g019,27,181
g019,28,207.9
g019,29,240.2
g019,30,276.8
g019,31,315.6
g019,32,330
g019,33,375
g019,34,428.2
g019,35,487.6
g019,36,557.4
g019,37,634.7
g019,38,719.9
g019,39,813.4
g019,40,909.2
g019,41,1012.3
g019,42,1122.4
g019,43,1239.6
g019,44,1363.4
g019,45,1480.2
g019,46,1568.3
g019,47,1675.4
g019,48,1791.5
g019,49,1881.3
g019,50,1956
g019,51,2048.3
g019,52,2119.7
g019,53,2196.5
g019,54,2220.1
g019,55,2244.9
g019,56,2277.9
g019,57,2305.8
g019,58,2407.2
g019,59,2539.5
g019,60,2661.5
g019,61,2782.2
g019,62,2903
g019,63,3017.6
g019,64,3075.8
g019,65,3174.4
g019,66,3292
g019,67,3324.1
g019,68,3374.7
g019,69,3507.6
g019,70,3631.9
g019,71,3738.6
g019,72,3837.8
g019,73,3940.4
g019,74,4022.1
g019,75,4106
g019,76,4183.3
g019,77,4251.1
g019,78,4311.6
g019,79,4367.7
g019,80,4446.7
g019,81,4524
g019,82,4580.6
g019,83,4630.2
g019,84,4673.1
g019,85,4711.7
g019,86,4745.9
g019,87,4777.3
g019,88,4809.2
g019,89,4838.6
g019,90,4865.4
g019,91,4889.8
g019,92,4911.8
g019,93,4931.9
g019,94,4956.7
g019,95,4978.8
g019,96,4996.8
g019,97,5013.6
g019,98,5029.9
g019,99,5044.9
g019,100,5059.3
g019,101,5073.3
g019,102,5085.8
g019,103,5098.3
g019,104,5108.3
g019,105,5117.5
g019,106,5120.2
g019,107,5125.2
g019,108,5128.4
g019,109,5130.5
g019,110,5132.7
g019,111,5141.5
g019,112,5150
g019,113,5157.4
g019,114,5162.2
g019,115,5165.5
g019,116,5172.1
g019,117,5180.7
g019,118,5188.2
g019,119,5195.4
g019,120,5201
g019,121,5201.3
g019,122,5201.3
g019,123,5201.3
g020,0,0
g020,1,0
g020,2,0
g020,3,0
g020,4,0
g020,5,0
g020,6,4.6
g020,7,6
g020,8,7.8
g020,9,9.8
g020,10,12.1
g020,11,15.1
g020,12,18.3
g020,13,20.9
g020,14,23.8
g020,15,26.8
g020,16,30.6
g020,17,33.5
g020,18,37.7
g020,19,41.9
g020,20,44
g020,21,49.2
g020,22,56.8
g020,23,64.8
g020,24,75
g020,25,86.5
g020,26,99.5
g020,27,112.6
g020,28,127
g020,29,144.2
g020,30,163.3
g020,31,183.4
g020,32,190.8
g020,33,213.9
g020,34,241
g020,35,271.2
g020,36,306.7
g020,37,346.1
g020,38,389.9
g020,39,438.4
g020,40,488.6
g020,41,543.6
g020,42,603.5
g020,43,668.5
g020,44,738.8
g020,45,809.5
g020,46,869.9
g020,47,949.2
g020,48,1044.3
g020,49,1127.1
g020,50,1201
g020,51,1296
g020,52,1374.5
g020,53,1461.7
g020,54,1488.9
g020,55,1516.2
g020,56,1550.4
g020,57,1577.7
g020,58,1673.3
g020,59,1796.8
g020,60,1914.2
g020,61,2032.1
g020,62,2150
g020,63,2260.7
g020,64,2315.7
g020,65,2404.7
g020,66,2506.6
g020,67,2533.6
g020,68,2573.9
g020,69,2674.2
g020,70,2780.3
g020,71,2878.9
g020,72,2979.6
g020,73,3083.8
g020,74,3162.3
g020,75,3248.4
g020,76,3323.6
g020,77,3389.9
g020,78,3449.4
g020,79,3504.8
g020,80,3587.7
g020,81,3669.1
g020,82,3729
g020,83,3780.9
g020,84,3826.6
g020,85,3866
g020,86,3901
g020,87,3933.3
g020,88,3968
g020,89,4000
g020,90,4028
g020,91,4053.7
g020,92,4077
g020,93,4097.8
g020,94,4124.3
g020,95,4147.8
g020,96,4167.1
g020,97,4184.2
g020,98,4201.6
g020,99,4217
g020,100,4231.7
g020,101,4246.6
g020,102,4259.7
g020,103,4273
g020,104,4289.3
g020,105,4309.5
g020,106,4316.6
g020,107,4328.5
g020,108,4334
g020,109,4337.4
g020,110,4341
g020,111,4355.5
g020,112,4368.9
g020,113,4380
g020,114,4387.2
g020,115,4392.1
g020,116,4401.8
g020,117,4402
g020,118,4402
g020,119,4402
g021,0,0
g021,1,0
g021,2,0
g021,3,0
g021,4,0
g021,5,0
g021,6,4.6
g021,7,6.1
g021,8,8.1
g021,9,10.4
g021,10,13
g021,11,16.5
g021,12,20.1
g021,13,23.3
g021,14,26.8
g021,15,30.3
g021,16,34.9
g021,17,38.5
g021,18,43.6
g021,19,48.8
g021,20,51.4
g021,21,58
g021,22,67.6
g021,23,77.9
g021,24,91.1
g021,25,106.2
g021,26,123.6
g021,27,141.3
g021,28,161.1
g021,29,184.7
g021,30,211.4
g021,31,239.7
g021,32,250.1
g021,33,282.8
g021,34,321.6
g021,35,365
g021,36,416.2
g021,37,473.4
g021,38,537
g021,39,607.6
g021,40,681
g021,41,761.2
g021,42,848.4
g021,43,942.9
g021,44,1044.7
g021,45,1146.7
g021,46,1233.4
g021,47,1346.9
g021,48,1482.4
g021,49,1588.4
g021,50,1675.1
g021,51,1780.8
g021,52,1861.3
g021,53,1946.8
g021,54,1972.6
g021,55,1999.5
g021,56,2034.9
g021,57,2064.7
g021,58,2174
g021,59,2310.1
g021,60,2431.2
g021,61,2547.2
g021,62,2659.8
g021,63,2759.5
g021,64,2810.6
g021,65,2896.7
g021,66,2998.3
g021,67,3025.8
g021,68,3069.2
g021,69,3183.1
g021,70,3295.7
g021,71,3392.3
g021,72,3481.9
g021,73,3574.5
g021,74,3657.6
g021,75,3745.6
g021,76,3834.3
g021,77,3912.1
g021,78,3981.8
g021,79,4046.4
g021,80,4118.8
g021,81,4189.7
g021,82,4251.5
g021,83,4309
g021,84,4358.6
g021,85,4403.5
g021,86,4443.5
g021,87,4480.1
g021,88,4515.3
g021,89,4548.9
g021,90,4580.4
g021,91,4609.1
g021,92,4635.1
g021,93,4658.6
g021,94,4681.6
g021,95,4704.5
g021,96,4725.6
g021,97,4745.2
g021,98,4763.4
g021,99,4781
g021,100,4797.8
g021,101,4813.5
g021,102,4828.2
g021,103,4842.1
g021,104,4859.7
g021,105,4888.9
g021,106,4908.1
g021,107,4942.3
g021,108,4958
g021,109,4963.9
g021,110,4969.9
g021,111,4993.8
g021,112,5012.5
g021,113,5026.1
g021,114,5033.8
g021,115,5038.6
g021,116,5048.1
g021,117,5059.1
g021,118,5068.2
g021,119,5076.3
g021,120,5082.3
g021,121,5087.4
g021,122,5089.6
g021,123,5096.9
g021,124,5104.4
g021,125,5111.1
g021,126,5111.1
g021,127,5111.1
g022,0,0
g022,1,0
g022,2,0
g022,3,0
g022,4,0
g022,5,0
g022,6,4.6
g022,7,6.2
g022,8,8.4
g022,9,10.9
g022,10,13.7
g022,11,17.7
g022,12,21.8
g022,13,25.4
g022,14,29.4
g022,15,33.5
g022,16,38.9
g022,17,43.1
g022,18,49.2
g022,19,55.4
g022,20,58.6
g022,21,66.5
g022,22,78.2
g022,23,90.8
g022,24,107.2
g022,25,126.1
g022,26,148
g022,27,170.3
g022,28,195.4
g022,29,225.5
g022,30,259.6
g022,31,295.7
g022,32,309.1
g022,33,351
g022,34,400.7
g022,35,456.2
g022,36,521.5
g022,37,594
g022,38,674.2
g022,39,762.3
g022,40,852.8
g022,41,950.7
g022,42,1055.7
g022,43,1167.9
g022,44,1286.9
g022,45,1404.5
g022,46,1502.4
g022,47,1621
g022,48,1748.7
g022,49,1846.9
g022,50,1928.1
g022,51,2028.2
g022,52,2105.4
g022,53,2188.3
g022,54,2213.8
g022,55,2240.5
g022,56,2276
g022,57,2305.2
g022,58,2415
g022,59,2555.6
g022,60,2684.8
g022,61,2812.3
g022,62,2939.5
g022,63,3059.9
g022,64,3120.9
g022,65,3223.9
g022,66,3346.3
g022,67,3379.6
g022,68,3431.9
g022,69,3568.8
g022,70,3718.6
g022,71,3862.2
g022,72,3999.2
g022,73,4141.2
g022,74,4249.8
g022,75,4366.7
g022,76,4470.4
g022,77,4561.6
g022,78,4643.4
g022,79,4719.5
g022,80,4831.7
g022,81,4941.9
g022,82,5023
g022,83,5093.3
g022,84,5155.3
g022,85,5209.1
g022,86,5257.2
g022,87,5301.4
g022,88,5348.5
g022,89,5392
g022,90,5430.4
g022,91,5465.7
g022,92,5497.7
g022,93,5526.3
g022,94,5562.4
g022,95,5593.9
g022,96,5619.6
g022,97,5642.5
g022,98,5665.7
g022,99,5686.2
g022,100,5705.8
g022,101,5725.7
g022,102,5743.3
g022,103,5761.2
g022,104,5768.5
g022,105,5776.3
g022,106,5779.8
g022,107,5786
g022,108,5789.5
g022,109,5791.5
g022,110,5793.2
g022,111,5799.9
g022,112,5806.4
g022,113,5812.2
g022,114,5816.1
g022,115,5818.8
g022,116,5824.5
g022,117,5831.9
g022,118,5838.2
g022,119,5844.3
g022,120,5849.1
g022,121,5850.3
g022,122,5850.3
g022,123,5850.3
g023,0,0
g023,1,0
g023,2,0
g023,3,0
g023,4,0
g023,5,0
g023,6,4.6
g023,7,6.4
g023,8,8.9
g023,9,11.7
g023,10,15.1
g023,11,19.8
g023,12,24.7
g023,13,29.1
g023,14,34.1
g023,15,39.3
g023,16,46.2
g023,17,51.6
g023,18,59.5
g023,19,67.8
g023,20,71.9
g023,21,82.5
g023,22,98.3
g023,23,115.6
g023,24,138.1
g023,25,164.6
g023,26,195.6
g023,27,227.3
g023,28,263.4
g023,29,306.9
g023,30,356.4
g023,31,409
g023,32,428.6
g023,33,489.6
g023,34,562
g023,35,642.5
g023,36,736.9
g023,37,840.8
g023,38,954.5
g023,39,1078.1
g023,40,1203.4
g023,41,1334.6
g023,42,1455.5
g023,43,1567.7
g023,44,1672.6
g023,45,1765.3
g023,46,1836.2
g023,47,1923.3
g023,48,2019
g023,49,2094.1
g023,50,2157.1
g023,51,2235.9
g023,52,2297.4
g023,53,2364.1
g023,54,2384.8
g023,55,2406.9
g023,56,2436.4
g023,57,2461.5
g023,58,2554.8
g023,59,2676.5
g023,60,2789.5
g023,61,2902.1
g023,62,3015.6
g023,63,3124.1
g023,64,3179.7
g023,65,3274.6
g023,66,3388.9
g023,67,3420.4
g023,68,3470.3
g023,69,3602
g023,70,3714.8
g023,71,3811.8
g023,72,3901.8
g023,73,3995.1
g023,74,4081.2
g023,75,4166.3
g023,76,4247.7
g023,77,4318.9
g023,78,4382.5
g023,79,4441.3
g023,80,4512.7
g023,81,4582.5
g023,82,4638.2
g023,83,4690.1
g023,84,4734.6
g023,85,4774.9
g023,86,4810.7
g023,87,4843.4
g023,88,4874.6
g023,89,4904.5
g023,90,4932.3
g023,91,4957.7
g023,92,4980.8
g023,93,5001.9
g023,94,5024.4
g023,95,5045
g023,96,5063.9
g023,97,5081.6
g023,98,5098
g023,99,5113.8
g023,100,5128.9
g023,101,5141.9
g023,102,5153.1
g023,103,5164.5
g023,104,5170.9
g023,105,5176.9
g023,106,5178.5
g023,107,5181.7
g023,108,5183.8
g023,109,5185.1
g023,110,5186.6
g023,111,5192.5
g023,112,5198.8
g023,113,5204.8
g023,114,5209
g023,115,5211.9
g023,116,5217.7
g023,117,5225.5
g023,118,5231.8
g023,119,5237.3
g023,120,5241.4
g023,121,5241.4
g023,122,5241.4
g024,0,0
g024,1,0
g024,2,0
g024,3,0
g024,4,0
g024,5,0
g024,6,4.6
g024,7,6.4
g024,8,8.8
g024,9,11.6
g024,10,14.9
g024,11,19.5
g024,12,24.4
g024,13,28.7
g024,14,33.6
g024,15,38.8
g024,16,45.5
g024,17,50.9
g024,18,58.8
g024,19,67
g024,20,71.1
g024,21,81.6
g024,22,97.3
g024,23,114.5
g024,24,137
g024,25,163.4
g024,26,194.1
g024,27,225.6
g024,28,261.4
g024,29,304.7
g024,30,353.8
g024,31,405.9
g024,32,425.4
g024,33,485.9
g024,34,557.4
g024,35,636.9
g024,36,729.8
g024,37,831.9
g024,38,943.3
g024,39,1064
g024,40,1185.8
g024,41,1315.1
g024,42,1448.3
g024,43,1571.7
g024,44,1687.1
g024,45,1789
g024,46,1866.9
g024,47,1962.8
g024,48,2068.2
g024,49,2151.4
g024,50,2221.6
g024,51,2310
g024,52,2380.1
g024,53,2456.2
g024,54,2480.6
g024,55,2506.7
g024,56,2541.8
g024,57,2571.8
g024,58,2684.3
g024,59,2831.4
g024,60,2969.8
g024,61,3109
g024,62,3250.3
g024,63,3386.1
g024,64,3455.8
g024,65,3574.1
g024,66,3713.3
g024,67,3752
g024,68,3812.9
g024,69,3946.9
g024,70,4061.3
g024,71,4159.5
g024,72,4250.7
g024,73,4345.2
g024,74,4423.8
g024,75,4501.6
g024,76,4575.9
g024,77,4640.9
g024,78,4698.9
g024,79,4752.6
g024,80,4824.8
g024,81,4895.3
g024,82,4947
g024,83,4994.3
g024,84,5034.9
g024,85,5071.7
g024,86,5104.2
g024,87,5134
g024,88,5163
g024,89,5190.2
g024,90,5215.6
g024,91,5238.8
g024,92,5260.3
g024,93,5279.9
g024,94,5303.1
g024,95,5323.7
g024,96,5340.6
g024,97,5355.5
g024,98,5370.8
g024,99,5384.2
g024,100,5397
g024,101,5407.2
g024,102,5413.3
g024,103,5417.5
g024,104,5419.1
g024,105,5421.2
g024,106,5422.4
g024,107,5424.8
g024,108,5426.5
g024,109,5427.5
g024,110,5428.4
g024,111,5432.1
g024,112,5435.8
g024,113,5439.2
g024,114,5441.4
g024,115,5442.9
g024,116,5445.5
g024,117,5445.6
g024,118,5445.6
g024,119,5445.6
g025,0,0
g025,1,0
g025,2,0
g025,3,0
g025,4,0
g025,5,0
g025,6,4.6
g025,7,6.4
g025,8,8.7
g025,9,11.4
g025,10,14.5
g025,11,18.8
g025,12,23.4
g025,13,27.4
g025,14,31.9
g025,15,36.6
g025,16,42.8
g025,17,47.6
g025,18,54.7
g025,19,61.9
g025,20,65.6
g025,21,74.9
g025,22,88.7
g025,23,103.7
g025,24,123.2
g025,25,146
g025,26,172.5
g025,27,199.6
g025,28,230.3
g025,29,267.3
g025,30,309.3
g025,31,353.9
g025,32,370.6
g025,33,422.5
g025,34,484.2
g025,35,553
g025,36,634
g025,37,723.7
g025,38,822.5
g025,39,930.6
g025,40,1041.2
g025,41,1160
g025,42,1286.7
g025,43,1417.2
g025,44,1538.3
g025,45,1644.4
g025,46,1724.8
g025,47,1823.2
g025,48,1930.4
g025,49,2013.9
g025,50,2083.5
g025,51,2169.9
g025,52,2237.1
g025,53,2309.7
g025,54,2332.1
g025,55,2355.8
g025,56,2387.4
g025,57,2414.2
g025,58,2514.6
g025,59,2644.2
g025,60,2764.1
g025,61,2882.9
g025,62,3002.1
g025,63,3115.3
g025,64,3172.9
g025,65,3270.4
g025,66,3386.7
g025,67,3418.5
g025,68,3468.6
g025,69,3582.9
g025,70,3680.4
g025,71,3768.9
g025,72,3855
g025,73,3939
g025,74,4020.8
g025,75,4101.5
g025,76,4178.7
g025,77,4246.3
g025,78,4306.6
g025,79,4362.4
g025,80,4423.9
g025,81,4484
g025,82,4536.9
g025,83,4586
g025,84,4628.1
g025,85,4666.3
g025,86,4700.1
g025,87,4731
g025,88,4760.5
g025,89,4788.7
g025,90,4815
g025,91,4839
g025,92,4861.3
g025,93,4881.5
g025,94,4901.2
g025,95,4921.1
g025,96,4939.3
g025,97,4956.2
g025,98,4972
g025,99,4987.3
g025,100,5001.9
g025,101,5015.5
g025,102,5028.2
g025,103,5040.3
g025,104,5055.4
g025,105,5072
g025,106,5081
g025,107,5096.8
g025,108,5105.6
g025,109,5110.7
g025,110,5116.1
g025,111,5137.2
g025,112,5153.3
g025,113,5164.9
g025,114,5171.3
g025,115,5175.4
g025,116,5183.4
g025,117,5192.9
g025,118,5200.6
g025,119,5207.4
g025,120,5212.5
g025,121,5216.9
g025,122,5216.9
g025,123,5216.9
